Type,peak_to_peak_amplitude,mean_amplitude_peaks,mean_amplitude_valleys,std_deviation_peak_amplitudes,std_deviation_valley_amplitudes,signal_energy,signal_power,zero_crossing_rate
DA,18.38952378,0.202871862,0.316590379,2.373140844,1.846958832,1628.761247,8.949237622,0.565934066
DA,5.036612311,0.065415073,-0.020074683,1.022205967,1.016312047,363.7222333,1.998473809,0.582417582
DA,11.30198655,0.27634938,-0.035355107,1.570538902,1.297938428,722.9628142,3.972323155,0.587912088
DA,11.23702585,0.240664824,-0.060379093,1.573415114,1.283529132,718.5212951,3.947919204,0.576923077
DA,11.44500582,0.282085831,0.008462218,1.575881628,1.313902543,730.4081023,4.013231331,0.587912088
DA,10.626951,0.253750163,0.038600925,1.534463636,1.207187291,672.3616833,3.694294963,0.587912088
DA,11.38616622,0.186317097,-0.089738557,1.587768646,1.236112938,701.609467,3.854997072,0.598901099
DA,11.24975108,0.304033181,-0.015864675,1.49249854,1.307461059,708.700162,3.893956934,0.598901099
AA,9.220419146,0.121131633,0.1338123,1.480573166,1.651566809,901.7476594,4.954657469,0.598901099
AA,6.040846924,0.120874892,0.035641532,1.342337197,1.185499742,569.684284,3.130133428,0.576923077
AA,6.560661168,-0.018460119,-0.07370882,1.441857208,1.328333246,675.801038,3.713192516,0.587912088
AA,6.54402727,-0.028858272,-0.053474526,1.422498348,1.311955637,671.0767061,3.687234649,0.576923077
AA,6.249953368,0.058366288,0.107635109,1.412889408,1.334437652,677.8545908,3.724475774,0.587912088
AA,6.906794477,-0.110876183,0.05045359,1.447752827,1.354543438,682.7664262,3.75146388,0.587912088
AA,6.875277196,0.035360384,-0.024405936,1.491504499,1.343487477,700.2694662,3.84763443,0.587912088
AA,6.275841982,-0.118568383,-0.160431985,1.52793144,1.379283426,726.5197569,3.991866796,0.576923077
AA,6.82149713,0.051641293,0.038101322,1.447494214,1.344112942,674.992302,3.708748912,0.587912088
AA,6.394273521,0.064434004,0.167744468,1.46550241,1.337989017,696.4462917,3.826627976,0.587912088
AA,6.541542624,0.005254071,0.070998252,1.436416068,1.310839872,677.4195442,3.722085408,0.598901099
AA,7.943357179,0.109403718,0.153937426,1.496838429,1.451212968,881.9052508,4.845633246,0.593406593
AA,7.820288192,0.10841999,0.281852157,1.511206442,1.447265558,887.1778356,4.874603492,0.593406593
AA,7.264940547,0.088482954,0.11588916,1.475298693,1.464480439,874.203477,4.803315808,0.593406593
AA,8.294762147,0.115848345,0.104221596,1.491248214,1.463545503,872.1547195,4.792058898,0.582417582
DA,11.07458756,0.038017719,0.022536441,1.566507688,1.265128501,715.6888959,3.932356571,0.576923077
DA,11.10049016,0.204033305,-0.000308372,1.585618167,1.259941127,725.8779498,3.988340384,0.576923077
DA,11.45956185,0.248499602,-0.102391878,1.567935313,1.313958715,727.9776701,3.999877308,0.587912088
DA,6.752481954,-0.010533919,0.182499489,1.176707487,1.350668701,579.802222,3.185726495,0.598901099
DA,6.969842604,-0.02356828,0.098975237,1.201666063,1.401123636,602.3930162,3.309851737,0.604395604
DA,7.018659945,-0.030301095,0.08891105,1.2348522,1.385912717,608.4649453,3.343213985,0.60989011
DA,7.036629331,-0.001442884,0.006418272,1.226158391,1.410525567,611.0861706,3.357616322,0.60989011
AA_DA,6.461806062,0.091390317,-0.094637717,1.154576305,1.169098409,491.2236045,2.699030794,0.615384615
AA_DA,5.721354364,0.03855327,0.019796804,1.090775722,1.181295445,454.6119232,2.49786771,0.593406593
AA_DA,7.462368206,0.122817228,-0.113292243,1.302233897,1.168022412,556.4319423,3.057318364,0.60989011
AA_DA,7.397455899,0.203610886,-0.172501542,1.324272253,1.176032421,559.9615187,3.076711641,0.620879121
AA_DA,5.23671705,0.053982285,0.232087408,1.104254099,1.162213813,464.1913122,2.550501716,0.604395604
AA_DA,7.314140457,0.125022244,-0.129888223,1.268648406,1.203241902,554.1083509,3.044551379,0.60989011
AA_DA,7.59584355,0.200610729,-0.202242027,1.34741464,1.170464529,572.4097298,3.145108405,0.620879121
AA_DA,5.841503024,-0.018905695,-0.040703241,1.114534265,1.179987019,459.1436368,2.522767235,0.593406593
AA_DA,5.959642645,0.032460908,0.038485547,1.104834692,1.171879255,450.4982619,2.475265175,0.615384615
AA_DA,6.294940548,0.027742943,-0.008212394,1.119676222,1.201207001,482.037988,2.648560374,0.604395604
AA_DA,6.253286162,-0.013130973,-0.065374135,1.081666432,1.172920342,466.5886434,2.563673865,0.593406593
AA_DA,5.541493482,-0.082574352,-8.20E-05,1.096767705,1.188956916,463.5219648,2.546823983,0.582417582
AA_DA,5.858626404,-0.006387377,0.025961109,1.090188209,1.199599579,458.9665756,2.521794371,0.593406593
AA_DA,5.812952543,0.161726384,0.056430951,1.36191615,1.394262347,704.3725588,3.870178894,0.571428571
AA,7.662304704,0.135524041,0.150751182,1.52681022,1.455496953,886.2853664,4.869699815,0.582417582
AA,7.906290856,0.026687128,0.284972206,1.433438873,1.41415443,826.9462005,4.543660442,0.582417582
AA,8.380616736,0.074293818,0.260751824,1.48518772,1.436286598,881.3391212,4.842522644,0.593406593
AA,7.591104586,0.061257991,0.05402147,1.521503552,1.470371124,913.4420117,5.018912152,0.593406593
AA,7.861386655,0.102665667,0.156982693,1.502092124,1.446446242,898.7077538,4.937954691,0.593406593
AA,7.993650629,0.066105811,0.033734422,1.465638779,1.132379913,565.6714093,3.108084666,0.576923077
AA,8.119610308,0.025265665,0.0353392,1.482479538,1.137581264,576.4770129,3.167456115,0.576923077
AA,7.934572559,0.018977661,0.064503695,1.439194104,1.154062166,567.6948812,3.119202644,0.565934066
AA_DA,7.963843441,0.077328825,-0.152209112,1.332220467,1.200446941,578.4902376,3.178517789,0.620879121
AA_DA,6.869342505,0.038276919,-0.010474881,1.313258052,1.21351666,560.8000923,3.081319188,0.60989011
AA_DA,7.727277793,0.126851337,-0.160884253,1.315901305,1.191521825,580.4362993,3.189210436,0.60989011
AA_DA,6.892341262,0.330115219,0.009146931,1.326787419,1.152747336,565.9224024,3.109463749,0.620879121
AA_DA,7.133973678,0.151689983,-0.150673438,1.297508327,1.181695547,558.6230475,3.069357404,0.620879121
AA_DA,7.016493305,0.099321215,0.062084991,1.223147828,1.086648641,469.8210164,2.581434156,0.582417582
AA_DA,6.717286646,0.076972691,0.08137351,1.217988967,1.098671574,476.2808334,2.616927656,0.582417582
AA_DA,7.262785925,0.113926169,0.02536087,1.206658862,1.162294333,479.8181476,2.636363449,0.582417582
DA,6.845600206,0.052773913,0.08289351,1.210437621,1.358208612,570.5590871,3.134940039,0.615384615
DA,6.853898378,-0.081194844,0.12085889,1.214118057,1.336222546,595.3158958,3.27096646,0.615384615
DA,7.009228303,0.019615564,0.025353728,1.175245227,1.431594679,578.8217714,3.180339403,0.615384615
DA,6.571162845,0.16136166,0.197941529,1.199515208,1.324150547,585.8470328,3.218939741,0.60989011
DA,6.507581174,0.077382397,0.221060208,1.18315054,1.349867556,580.7024275,3.190672678,0.598901099
DA,8.511948281,0.268006536,0.204376104,1.428967796,1.059382806,571.8168653,3.141850908,0.598901099
DA,8.341866249,0.263320163,0.243700619,1.416942584,1.045523088,573.0001907,3.148352696,0.598901099
DA,8.566471051,0.223274542,0.24962088,1.414669478,1.056380972,564.7564942,3.10305766,0.587912088
UA,5.546852846,0.12713091,0.050271779,1.102323208,1.027131897,420.649767,2.311262456,0.532967033
UA,6.024287214,-0.043016704,-0.025594217,1.186513256,1.074712242,447.3469239,2.457950131,0.576923077
UA,5.272777298,0.1685349,0.10882041,1.129455212,0.972667367,424.8553129,2.334369851,0.554945055
UA,6.686504479,0.166831409,0.082547961,1.256735685,1.104910142,490.3567745,2.694267992,0.587912088
UA,6.682439113,0.204206825,0.108309411,1.248170949,1.116860962,492.4793802,2.705930661,0.587912088
UA,6.890915222,0.219305035,0.063110804,1.254163104,1.166929288,518.8526389,2.850838675,0.587912088
UA,6.283379656,0.146986258,0.124134368,1.213402126,1.081775902,455.4591622,2.502522869,0.587912088
UA,4.372437175,-0.138512757,0.010924379,1.115650196,0.978920428,420.6507339,2.311267769,0.576923077
UA,5.911137863,-0.110239379,0.010617487,1.226975394,1.038751978,463.2015206,2.5450633,0.565934066
UA,4.924291486,0.145156365,0.091892683,1.142404185,1.00700698,437.5412237,2.404072658,0.543956044
UA,4.341108581,0.050436895,0.153282165,1.122139756,0.965588003,416.7498259,2.289834208,0.554945055
UA,5.320176351,0.046194114,0.090007635,1.121809114,0.979660027,422.6102734,2.322034469,0.554945055
UA,4.751369402,-0.088094713,0.110611421,1.184693618,0.976976667,433.0426571,2.379355259,0.543956044
UA,6.089418756,0.050816518,0.000848491,1.18061029,1.394512642,574.1097429,3.154449137,0.615384615
UA,8.878207983,-0.118584145,-0.158855603,1.691172374,1.356041206,829.4938424,4.557658475,0.587912088
UA,6.694859061,0.288133252,0.321426554,1.26130915,1.116725121,512.2586261,2.814607836,0.598901099
UA,5.946618733,-0.071970543,0.008844091,1.181502502,1.0812117,441.3347552,2.424916238,0.598901099
UA,7.243950188,0.012932191,0.047016797,1.358964249,1.077896823,525.4639011,2.887164292,0.598901099
UA,6.696909749,0.142851171,0.162394014,1.211339624,1.163603684,489.151774,2.68764711,0.598901099
UA,6.708820926,0.250482325,0.198542177,1.260089292,1.098058663,499.7465351,2.745860083,0.598901099
UA,3.958181216,-0.047451312,0.03048478,1.087913324,0.933950295,344.8710963,1.894896133,0.620879121
UA,4.029524036,-0.032478487,0.058050293,1.102068176,0.951026422,352.2435857,1.935404317,0.60989011
UA,3.778533197,-0.138551464,0.13925918,1.057596705,0.938193795,351.797623,1.932953972,0.620879121
DA,5.954692876,-0.053904364,-0.014535788,1.093362757,0.875795704,343.4507323,1.887091936,0.620879121
DA,3.653012764,-0.14706189,0.00476282,1.082770987,0.968366171,361.1583701,1.984386649,0.60989011
DA,3.687169052,0.030586251,0.046194197,1.121203615,1.018253692,390.4494194,2.14532648,0.598901099
DA,3.774498128,-0.08884129,0.182760092,1.18802632,1.013167617,427.0757604,2.346570112,0.576923077
DA,4.045286385,0.049314054,0.043163787,1.101206196,0.966953594,367.3180057,2.0182308,0.587912088
DA,3.735126319,0.061617829,0.133516267,1.069630997,0.91044203,350.324015,1.924857225,0.60989011
DA,6.816697183,-0.217380321,-0.166619161,1.505807697,1.703733235,934.596891,5.135147753,0.576923077
DA,6.802445994,-0.059664416,-0.074227851,1.529947922,1.694360847,939.5324163,5.162266023,0.576923077
DA,6.643402685,-0.115587277,-0.086202525,1.478897149,1.684383942,905.0566794,4.972838898,0.576923077
DA,7.739290398,-0.149817079,-0.264697549,1.492964507,1.620741763,928.0965011,5.099431325,0.565934066
DA,7.381316091,-0.013955964,-0.029019199,1.52842711,1.721560547,969.9263501,5.32926566,0.576923077
DA,7.557597465,0.003298448,-0.065881157,1.489191379,1.769428548,985.8393318,5.416699625,0.587912088
DA,7.767172524,-0.040382255,-0.210435576,1.523449642,1.648315943,938.9415535,5.159019525,0.576923077
DA,7.081524,-0.3041293,-0.424398479,1.507626225,1.715092274,1001.164618,5.500904495,0.576923077
DA,6.941807167,-0.174481329,-0.003599493,1.508839786,1.732615185,951.7596698,5.229448735,0.587912088
DA,7.241484059,-0.575625491,-0.03505452,1.589386464,1.468794162,804.8025381,4.421991967,0.615384615
DA,7.199766576,-0.470909018,-0.00651888,1.609003194,1.473338532,811.4925375,4.458750206,0.604395604
DA,7.422324715,-0.545882952,-0.109857093,1.5772039,1.47070913,800.8420104,4.400230826,0.604395604
DA,7.259536895,-0.448585898,0.030561734,1.610546859,1.460560142,809.9264465,4.45014531,0.615384615
DA,7.276882737,-0.332812892,-0.058897591,1.621538824,1.471222531,786.5115626,4.321492102,0.604395604
DA,7.304665275,-0.348354507,0.077434638,1.579017107,1.52789833,828.8789686,4.554280047,0.593406593
DA,7.551597116,-0.515297911,-0.108882418,1.605260585,1.525360573,847.8416751,4.658470742,0.604395604
DA,7.004262049,-0.335506911,-0.052335178,1.59472755,1.439379977,809.0962535,4.44558381,0.604395604
DA,7.209397144,-0.354645638,-0.041317397,1.570581187,1.449014928,800.5497095,4.398624777,0.604395604
DA,5.265246554,0.05637548,-0.048026927,1.032438185,0.877430586,307.2416587,1.688140982,0.593406593
DA,5.241524589,0.033383184,-0.07199949,1.025820937,0.869662113,307.158318,1.687683066,0.593406593
DA,5.254663139,0.175952816,0.047895958,1.011066082,0.84786059,294.9508184,1.620608892,0.593406593
DA,4.83770343,0.120799871,-0.044341227,1.008892376,0.874016089,296.6060855,1.629703767,0.593406593
DA,5.215886136,0.074090451,-0.0572454,1.073753262,0.879990288,320.1068434,1.75882881,0.593406593
DA,5.450624818,0.200385436,0.061536474,1.123394193,0.875947477,339.9316339,1.86775623,0.593406593
AA_DA,8.45443525,0.2269261,0.217208305,1.41670185,1.025596554,555.4971773,3.052182293,0.598901099
AA_DA,9.345778604,0.323019619,0.216143728,1.41331654,1.087689636,590.5733316,3.244908415,0.598901099
AA_DA,11.58495817,0.293965455,0.093538708,1.482300103,1.126183993,621.1067285,3.412674332,0.60989011
AA_DA,8.731805293,0.256137628,0.171477294,1.398177368,1.093270423,595.104182,3.269803198,0.587912088
AA_DA,8.584311386,0.198848819,0.201952363,1.490105602,1.062501442,598.2130557,3.286884921,0.598901099
AA_DA,8.714571173,0.284577285,0.193879756,1.458120035,1.0489571,591.0304118,3.247419845,0.598901099
AA_DA,10.83722768,0.181470593,0.063840598,1.441256189,1.259977637,642.6495206,3.531041322,0.565934066
AA_DA,10.95117356,0.220672964,0.050388662,1.433979563,1.265195974,651.1292825,3.57763342,0.565934066
AA_DA,10.80052152,0.296693227,0.016321307,1.388005552,1.309300574,662.5107885,3.640169167,0.565934066
AA_DA,10.88658124,0.277851695,0.119508176,1.417652378,1.253077401,651.4474344,3.579381508,0.576923077
AA_DA,11.27550495,0.266815719,-0.033662759,1.450834285,1.297622894,684.5441579,3.761231637,0.565934066
AA_DA,10.86440272,0.202554389,0.1499167,1.45379131,1.246219941,653.8183905,3.592408739,0.565934066
AA_DA,11.04100693,0.163791012,0.172560309,1.500479073,1.271845951,695.2784071,3.820211028,0.576923077
AA_DA,10.7887928,0.099750306,0.064113398,1.406215613,1.269931424,633.9756636,3.483382767,0.565934066
AA_DA,10.72887838,0.124011286,0.092776607,1.462364705,1.255229457,644.2048569,3.539587126,0.565934066
AA_DA,11.4964575,0.219794478,0.129987107,1.732295876,1.226665329,801.929822,4.406207813,0.598901099
AA_DA,11.637482,0.144536773,0.107506112,1.754764792,1.251324544,815.530466,4.480936626,0.598901099
AA_DA,11.33573278,0.220666468,0.084004448,1.738097829,1.185427842,807.4934926,4.436777432,0.598901099
AA_DA,11.38690499,0.159206298,0.136345869,1.712768001,1.257645206,797.8671992,4.38388571,0.60989011
AA_DA,11.45579207,0.273652894,0.060824337,1.723181015,1.232961084,805.1935041,4.424140132,0.598901099
AA_DA,11.12768058,0.30614972,0.125001046,1.633637811,1.214870116,751.6761609,4.130088796,0.587912088
AA_DA,11.43699767,-0.012378059,0.09298501,1.758634864,1.308550752,831.0605383,4.566266694,0.604395604
AA_DA,11.76162716,0.335117936,0.126950526,1.765037351,1.272512213,857.5029552,4.711554699,0.598901099
AA_DA,11.63527643,0.179676075,0.1803534,1.744358353,1.244614706,819.9089922,4.504994463,0.598901099
AA_DA,10.0255942,0.177058423,0.245749944,1.749039446,1.279999082,837.7150847,4.602830136,0.565934066
AA_DA,10.02705744,0.196599523,0.18892443,1.744306257,1.302361646,838.068588,4.604772462,0.576923077
AA_DA,10.06054712,0.161988516,0.250233645,1.794297923,1.327421938,860.1647018,4.72617968,0.576923077
AA_DA,10.02510113,0.241287575,0.19981163,1.745055778,1.283852492,856.0473372,4.703556798,0.576923077
AA_DA,10.06407721,0.131857065,0.211385221,1.747274119,1.306978796,846.8925324,4.653255672,0.554945055
AA_DA,9.880964477,0.333244082,0.295269287,1.699696389,1.29773924,853.793352,4.691172264,0.576923077
AA,7.311147437,0.177472982,0.139617181,1.235713731,1.126603311,486.1719939,2.671274692,0.582417582
AA,6.606233433,0.265650186,0.164095461,1.142803705,1.065128202,442.5948823,2.431840013,0.582417582
AA,6.395792394,0.214434702,0.113564536,1.148342524,1.097159708,458.1493591,2.517304171,0.582417582
AA,7.392203629,0.187101869,0.142463114,1.248506998,1.03595627,470.0261697,2.582561372,0.582417582
AA,6.724685659,0.110403552,0.150473176,1.248865807,1.054132434,491.7040554,2.701670634,0.582417582
AA,7.008331871,0.158625726,0.10910277,1.227254554,1.101079557,472.6827247,2.597157828,0.571428571
AA,6.243425322,0.03277053,-0.07531691,1.249310857,1.043141187,474.1058283,2.604977079,0.582417582
AA,6.204277593,0.031800684,-0.079063568,1.244681265,1.052000329,476.5821521,2.618583253,0.582417582
AA,5.411870558,-0.217897071,0.095550214,1.282028962,1.04656189,484.078067,2.659769599,0.582417582
AA,6.403933355,0.057805123,-0.015675342,1.269811096,1.035509883,487.2225605,2.677047036,0.582417582
AA,5.925561792,0.10095108,-0.024016198,1.213715652,1.049042263,463.381791,2.546053797,0.593406593
AA,5.549900789,-0.009406038,-0.082986399,1.221144351,1.049297829,486.5758731,2.673493808,0.593406593
AA,6.41519634,-0.066559695,0.096518887,1.320384201,1.131791343,542.7454517,2.982117866,0.582417582
AA,5.695960073,-0.002508177,0.168849494,1.284706141,1.048012466,489.0629585,2.687159112,0.571428571
AA,6.222502431,0.031281434,0.023740275,1.272183251,1.029959797,474.3945604,2.606563519,0.582417582
AA,6.776757715,0.211831005,0.183218978,1.392174064,1.223898262,615.9599947,3.384395575,0.576923077
AA,6.760346836,0.165727431,0.136494626,1.403709222,1.202970112,599.9205652,3.296266842,0.576923077
AA,7.137044567,0.296566023,0.103691137,1.402980782,1.231854656,636.4894586,3.497194828,0.576923077
AA,7.024346602,0.217708968,0.134234778,1.375844841,1.273879504,621.2997435,3.413734855,0.576923077
AA,7.308444,0.332132997,0.114638634,1.400651306,1.278459902,653.3935992,3.590074721,0.576923077
AA,6.866383646,0.229966839,0.047667775,1.384247339,1.262428278,647.5681438,3.558066724,0.576923077
AA,7.499978799,0.306697365,0.061886331,1.481042901,1.306150137,691.9722331,3.802045237,0.576923077
AA,7.131925929,0.129372788,0.168298412,1.448110657,1.287660763,668.6449884,3.673873563,0.576923077
AA,6.740041649,0.289309571,0.205958512,1.374365512,1.194469531,607.4130797,3.337434504,0.576923077
AA,8.231887158,0.106996242,0.323644923,1.466255066,1.659578624,928.7205545,5.102860189,0.604395604
AA,8.286551385,0.158517329,0.301952742,1.489158635,1.669722496,952.0404945,5.230991728,0.604395604
AA,8.129501305,0.110698773,0.340562041,1.4569791,1.679495283,935.5984174,5.140650645,0.593406593
AA,7.91867441,0.143143022,0.345947788,1.437512064,1.657094275,898.8247659,4.938597615,0.593406593
AA,8.248440771,0.163126436,0.374501528,1.46772649,1.71688319,983.0110393,5.401159557,0.593406593
AA,9.02037049,-0.01082015,0.192316265,1.548091125,1.707848292,976.5905615,5.365882206,0.582417582
UA,5.954692876,-0.053904364,-0.014535788,1.093362757,0.875795704,343.4507323,1.887091936,0.620879121
UA,3.653012764,-0.14706189,0.00476282,1.082770987,0.968366171,361.1583701,1.984386649,0.60989011
UA,3.687169052,0.030586251,0.046194197,1.121203615,1.018253692,390.4494194,2.14532648,0.598901099
UA,3.774498128,-0.08884129,0.182760092,1.18802632,1.013167617,427.0757604,2.346570112,0.576923077
UA,4.045286385,0.049314054,0.043163787,1.101206196,0.966953594,367.3180057,2.0182308,0.587912088
UA,3.735126319,0.061617829,0.133516267,1.069630997,0.91044203,350.324015,1.924857225,0.60989011
UA,6.816697183,-0.217380321,-0.166619161,1.505807697,1.703733235,934.596891,5.135147753,0.576923077
UA,6.802445994,-0.059664416,-0.074227851,1.529947922,1.694360847,939.5324163,5.162266023,0.576923077
UA,6.643402685,-0.115587277,-0.086202525,1.478897149,1.684383942,905.0566794,4.972838898,0.576923077
UA,7.739290398,-0.149817079,-0.264697549,1.492964507,1.620741763,928.0965011,5.099431325,0.565934066
UA,7.381316091,-0.013955964,-0.029019199,1.52842711,1.721560547,969.9263501,5.32926566,0.576923077
UA,7.557597465,0.003298448,-0.065881157,1.489191379,1.769428548,985.8393318,5.416699625,0.587912088
UA,7.767172524,-0.040382255,-0.210435576,1.523449642,1.648315943,938.9415535,5.159019525,0.576923077
UA,7.081524,-0.3041293,-0.424398479,1.507626225,1.715092274,1001.164618,5.500904495,0.576923077
UA,6.941807167,-0.174481329,-0.003599493,1.508839786,1.732615185,951.7596698,5.229448735,0.587912088
UA,7.241484059,-0.575625491,-0.03505452,1.589386464,1.468794162,804.8025381,4.421991967,0.615384615
UA,7.199766576,-0.470909018,-0.00651888,1.609003194,1.473338532,811.4925375,4.458750206,0.604395604
UA,7.422324715,-0.545882952,-0.109857093,1.5772039,1.47070913,800.8420104,4.400230826,0.604395604
UA,7.259536895,-0.448585898,0.030561734,1.610546859,1.460560142,809.9264465,4.45014531,0.615384615
UA,7.276882737,-0.332812892,-0.058897591,1.621538824,1.471222531,786.5115626,4.321492102,0.604395604
UA,7.304665275,-0.348354507,0.077434638,1.579017107,1.52789833,828.8789686,4.554280047,0.593406593
UA,7.551597116,-0.515297911,-0.108882418,1.605260585,1.525360573,847.8416751,4.658470742,0.604395604
UA,7.004262049,-0.335506911,-0.052335178,1.59472755,1.439379977,809.0962535,4.44558381,0.604395604
UA,7.209397144,-0.354645638,-0.041317397,1.570581187,1.449014928,800.5497095,4.398624777,0.604395604
UA,5.265246554,0.05637548,-0.048026927,1.032438185,0.877430586,307.2416587,1.688140982,0.593406593
UA,5.241524589,0.033383184,-0.07199949,1.025820937,0.869662113,307.158318,1.687683066,0.593406593
UA,5.254663139,0.175952816,0.047895958,1.011066082,0.84786059,294.9508184,1.620608892,0.593406593
UA,4.83770343,0.120799871,-0.044341227,1.008892376,0.874016089,296.6060855,1.629703767,0.593406593
UA,5.215886136,0.074090451,-0.0572454,1.073753262,0.879990288,320.1068434,1.75882881,0.593406593
UA,5.450624818,0.200385436,0.061536474,1.123394193,0.875947477,339.9316339,1.86775623,0.593406593
AA,6.41161307,0.136728128,0.134056026,1.246352359,1.482016501,669.4664295,3.678386975,0.571428571
AA,5.273143936,0.115074922,0.326985234,1.252049772,1.379906515,637.6749477,3.503708504,0.571428571
AA,6.793395671,0.226101409,0.196798083,1.246174713,1.548587804,696.2072316,3.825314459,0.571428571
AA,6.472929818,0.257813084,0.426901883,1.325450142,1.396433855,717.572941,3.942708467,0.576923077
AA,6.226463813,0.243774373,0.532464559,1.299883046,1.367946288,713.0017538,3.917592054,0.576923077
AA,5.823108417,0.116868753,0.408684211,1.364668114,1.405599864,734.7510342,4.037093595,0.576923077
AA,6.573770954,0.208920201,0.254968591,1.357496711,1.491729336,758.7209584,4.168796475,0.576923077
AA,6.977088278,0.321478957,0.400299962,1.372356223,1.419614788,757.3488094,4.161257195,0.565934066
AA,5.926669823,0.197251473,0.412821117,1.344582908,1.459098556,741.3966258,4.073607834,0.576923077
AA,6.27519765,0.265301415,0.469661704,1.364348252,1.365112866,736.0488572,4.04422449,0.576923077
UA,4.656843833,0.026257263,0.015103348,1.057934243,0.89253333,317.3954835,1.743931228,0.615384615
UA,5.21393252,0.093924855,0.057260556,1.033279502,0.902429661,299.6919216,1.64665891,0.593406593
UA,5.327645273,0.2142734,-0.018830307,1.024162387,0.868282011,307.1800956,1.687802723,0.593406593
UA,7.455423891,0.189060401,-0.098402111,1.447946442,1.4275055,716.2444264,3.935408936,0.598901099
UA,7.420041302,0.151248214,-0.104480622,1.458765751,1.42912952,719.5953555,3.953820635,0.598901099
UA,6.909565611,0.162842835,0.044000655,1.444094817,1.451967964,717.0651023,3.939918145,0.587912088
UA,7.455979168,0.117280056,-0.020423877,1.460192596,1.46695109,726.6325339,3.99248645,0.598901099
UA,7.339611055,-0.003132482,-0.056312812,1.469002316,1.383166962,701.399676,3.853844373,0.598901099
UA,7.32972109,0.089213374,-0.081303042,1.491823694,1.463106944,736.8101163,4.048407232,0.587912088
UA,6.985913151,0.097652389,-0.048578734,1.415066456,1.354264041,681.1445034,3.742552217,0.587912088
DA,10.5924375,0.337782592,0.109030369,1.857082818,1.264492272,866.6139589,4.761615159,0.554945055
DA,10.65740032,0.198629063,0.15536629,1.765068837,1.377062878,890.5620341,4.89319799,0.576923077
DA,9.956234454,0.33805551,0.179208159,1.709642129,1.287889414,811.928431,4.461145225,0.565934066
DA,8.772034898,0.23489584,0.268199626,1.289476045,1.073087703,528.7724142,2.905342935,0.598901099
DA,8.666859835,0.235290356,0.270207561,1.279219033,1.078342822,525.6686672,2.88828938,0.598901099
DA,8.90904702,0.25924733,0.192461618,1.261350317,1.077530593,525.2560333,2.886022161,0.598901099
DA,8.780377565,0.188382305,0.240156482,1.319848869,1.069053797,532.4560495,2.92558269,0.598901099
DA,8.995186052,0.181290384,0.16312709,1.294388861,1.035264152,516.6772012,2.838885721,0.60989011
DA,8.501142318,0.328302191,0.243417001,1.267844851,1.06073054,532.4823256,2.925727064,0.598901099
DA,8.375823324,0.234107653,0.273492459,1.256350483,1.070372851,511.6298922,2.811153254,0.598901099
AA_DA,7.81621018,-0.110785794,0.134570062,1.473913072,1.593114087,879.1273613,4.830370117,0.593406593
AA_DA,8.290756322,0.144667136,0.169146291,1.432652578,1.732874642,923.4424677,5.073859713,0.593406593
AA_DA,8.104944258,0.195491068,0.283158898,1.481380905,1.596092356,918.7581024,5.048121442,0.615384615
AA_DA,7.363360867,-0.053458602,-0.088462119,1.218967188,1.316398225,605.3776845,3.326251014,0.554945055
AA_DA,7.152621964,-0.04942246,-0.061482317,1.219352292,1.320765842,604.623932,3.322109517,0.554945055
AA_DA,7.672766486,-0.097396608,0.019555662,1.230764202,1.343969579,619.0008781,3.401103726,0.543956044
AA_DA,7.359777076,-0.080681117,0.041811296,1.250707797,1.372911704,627.3919877,3.447208724,0.554945055
AA_DA,7.148214363,-0.079536693,-0.237796761,1.234549469,1.301244115,602.1847761,3.308707561,0.554945055
AA_DA,7.84036851,0.024094803,-0.126249568,1.270397227,1.339987313,641.7330232,3.526005622,0.554945055
AA_DA,6.40228898,-0.262147503,0.153731728,1.162752805,1.312934443,587.4739652,3.227878929,0.543956044
UA_DA,8.987072713,-0.01923766,0.005840912,1.470318525,1.60528021,830.5871804,4.563665826,0.587912088
UA_DA,9.25687799,0.023243244,0.164230942,1.473347108,1.61547403,845.580289,4.646045544,0.587912088
UA_DA,8.943181971,-0.047672036,0.162268765,1.455670769,1.576156522,815.3489963,4.47993954,0.587912088
UA_DA,8.988044235,-0.084446758,0.026906581,1.467910884,1.584951496,817.617731,4.492405115,0.576923077
UA_DA,8.951675588,-0.04240282,0.01557669,1.463532183,1.599364572,823.1129318,4.522598527,0.598901099
UA_DA,8.951675588,-0.04240282,0.01557669,1.463532183,1.599364572,823.1129318,4.522598527,0.598901099
UA_DA,8.790872105,0.036071642,0.222764433,1.424787566,1.570553188,804.3511242,4.419511671,0.576923077
UA_DA,8.788484462,-0.001148875,0.136604957,1.407474054,1.613456052,813.9683632,4.472353644,0.576923077
UA_DA,9.081232686,-0.081512445,0.059057335,1.481092711,1.602273373,844.9145693,4.642387744,0.587912088
UA_DA,9.877664532,0.177485764,0.234236078,1.344089937,1.467695028,689.8746229,3.790519906,0.576923077
UA_DA,9.92434407,0.182453673,0.268779555,1.344180727,1.457534036,687.5597816,3.777800998,0.576923077
UA_DA,10.24571485,0.191952054,0.241112441,1.356639132,1.443310347,699.3461743,3.842561397,0.576923077
UA_DA,9.947675999,0.170323436,0.280117978,1.365322011,1.469783962,699.2139668,3.841834982,0.576923077
UA_DA,10.01854691,0.192856561,0.244133193,1.355080745,1.427582153,677.4745386,3.722387575,0.576923077
UA_DA,10.11605003,0.169667873,0.351501867,1.383883783,1.519546221,754.0917941,4.143361506,0.576923077
UA_DA,9.956453492,0.291750296,0.147160734,1.39867999,1.559179172,739.093774,4.060954802,0.587912088
UA_DA,9.963034075,0.105849489,0.361705422,1.414283648,1.395352273,714.2783617,3.924606383,0.576923077
UA_DA,9.893847216,0.169603169,0.354651339,1.36373688,1.437032325,697.9946935,3.835135678,0.576923077
UA_DA,9.053290141,0.295041047,0.076239283,1.576216432,1.318003702,786.2547233,4.320080897,0.60989011
UA_DA,8.880258006,0.167052369,0.074328541,1.569793585,1.317769182,773.9479666,4.252461355,0.60989011
UA_DA,8.746995172,0.263999848,0.122039699,1.567280805,1.292998375,762.6961639,4.190638263,0.60989011
UA_DA,8.932339945,0.157591311,0.101704999,1.518360505,1.319805229,752.6520797,4.135450988,0.60989011
UA_DA,8.885831045,0.14634712,0.14879591,1.589139598,1.311966613,792.4772212,4.354270446,0.620879121
UA_DA,8.85222428,0.37481853,0.114240204,1.606619905,1.278681416,776.0194579,4.263843175,0.615384615
UA_DA,9.186653379,0.449825241,0.228845633,1.548305925,1.473975046,872.356743,4.793168917,0.620879121
UA_DA,9.048457715,0.252186454,0.078243274,1.631880788,1.325179631,816.3755244,4.485579804,0.620879121
UA_DA,8.715358593,0.127655978,0.100251497,1.565379711,1.317482888,771.6196885,4.239668618,0.60989011
UA_DA,9.945226662,-0.21540747,-0.37020742,1.417306966,1.445952537,768.2436513,4.221118963,0.615384615
UA_DA,9.876152818,-0.180421094,-0.342863839,1.428198847,1.453989554,770.6855237,4.234535844,0.604395604
UA_DA,9.535077112,-0.221700931,-0.357086867,1.398074896,1.437418152,758.1000316,4.165384789,0.615384615
UA_DA,9.616487975,-0.212632934,-0.312470443,1.446606897,1.428587156,757.9944143,4.164804474,0.604395604
UA_DA,9.643317015,-0.211252791,-0.308259279,1.433837586,1.450010664,754.6657074,4.146514876,0.598901099
UA_DA,9.805074992,-0.193935211,-0.309270217,1.454240377,1.52468343,809.4582557,4.447572833,0.604395604
UA_DA,8.837408275,-0.208148843,-0.408417992,1.356123647,1.368566527,685.1231288,3.764412795,0.593406593
UA_DA,9.685012631,-0.19285147,-0.367838771,1.447035747,1.456887951,772.9638343,4.247054034,0.604395604
UA_DA,9.743145759,-0.198235331,-0.290845655,1.421431095,1.467754745,772.9438648,4.246944312,0.604395604
UA_DA,6.88142813,0.011061632,-0.089908765,1.345352157,1.332622341,657.4204328,3.61220018,0.620879121
UA_DA,7.074206718,-0.066199844,-0.019703017,1.352214509,1.352887439,666.673019,3.663038566,0.620879121
UA_DA,7.021039367,-0.023825471,-0.101154042,1.343138351,1.343013613,660.6044861,3.629694978,0.620879121
UA_DA,7.071154635,-0.127477015,-0.096704893,1.386746412,1.359592593,688.3207132,3.781981941,0.620879121
UA_DA,7.700480577,0.158345306,-0.124948978,1.404370923,1.379254798,696.1600552,3.825055249,0.620879121
UA_DA,6.339970825,0.050493397,0.071975223,1.362255482,1.335378444,661.705911,3.635746764,0.620879121
UA_DA,6.76417825,-0.143519445,-0.061417015,1.388859633,1.317814053,666.3309215,3.66115891,0.620879121
UA_DA,7.27432773,-0.104732914,-0.086387081,1.350951913,1.360668356,680.6092625,3.739611332,0.620879121
UA_DA,7.129630834,-0.071785635,0.046239315,1.37169172,1.36736174,679.0752082,3.731182462,0.60989011
UA_DA,9.105602217,0.130414172,0.145003968,1.270610022,1.389763571,673.7003146,3.70165008,0.576923077
UA_DA,8.984875971,0.187106958,0.191297474,1.275160633,1.39998946,682.8321975,3.751825261,0.576923077
UA_DA,9.390092218,0.096316121,0.148667579,1.306246953,1.429526548,696.3582587,3.826144278,0.576923077
UA_DA,8.389168337,0.232349413,0.32605129,1.226392063,1.31593496,674.0248416,3.703433196,0.576923077
UA_DA,9.454383613,0.255505315,0.105942146,1.31763684,1.429461405,723.2336489,3.973811258,0.587912088
UA_DA,7.942040877,0.271638948,0.43160556,1.2373107,1.227081086,640.7077557,3.520372284,0.587912088
UA_DA,8.707989335,0.144248896,0.427900772,1.317599509,1.374767355,726.4445932,3.991453809,0.576923077
UA_DA,9.067618862,0.209881354,0.22144612,1.250442297,1.379994473,671.7152472,3.690743116,0.576923077
UA_DA,8.98703904,0.132233253,0.182109278,1.276182578,1.361953217,666.6071874,3.662676854,0.587912088
UA_DA,7.736609053,-0.053186211,-0.198401713,1.362513682,1.302950182,614.0095714,3.373678964,0.576923077
UA_DA,7.718551397,-0.153105716,-0.183659618,1.344457029,1.307012013,615.0057138,3.379152274,0.576923077
UA_DA,7.879673689,-0.034687168,-0.237836215,1.368870849,1.334381727,641.2211711,3.523193248,0.576923077
UA_DA,7.679307324,-0.131663714,-0.174095762,1.383665614,1.269655032,619.4456868,3.40354773,0.587912088
UA_DA,7.619105297,-0.119060525,-0.164126413,1.367029723,1.298296635,606.1915277,3.33072268,0.565934066
UA_DA,7.909348153,-0.053684337,-0.228427374,1.345890291,1.317220079,607.490453,3.337859632,0.576923077
UA_DA,6.846000929,-0.019173463,-0.124906209,1.321633475,1.292522202,589.4953062,3.238985199,0.565934066
AA_UA_DA,7.274987442,-0.065548071,-0.073461408,1.439652525,1.499401324,857.09033,4.709287528,0.598901099
AA_UA_DA,7.017981044,-0.104864795,-0.087570284,1.427811651,1.502597993,844.0264085,4.637507739,0.587912088
AA_UA_DA,7.183422458,-0.095982673,-0.083990039,1.374737521,1.520525655,854.0275183,4.692458892,0.598901099
AA_UA_DA,7.616518788,-0.095863863,-0.143134667,1.468399688,1.512422729,862.8928204,4.741169343,0.60989011
AA_UA_DA,6.531209605,-0.13041225,-0.072736029,1.412581668,1.496269894,833.3663942,4.578936232,0.604395604
AA_UA_DA,6.531209605,-0.13041225,-0.072736029,1.412581668,1.496269894,833.3663942,4.578936232,0.604395604
AA_UA_DA,6.207501645,-0.15706155,-0.076674574,1.418505176,1.52274756,842.6745941,4.630080187,0.60989011
AA_UA_DA,7.577040947,-0.182344682,-0.069296854,1.49474547,1.527334264,893.8317245,4.911163321,0.615384615
AA_UA_DA,6.907642988,-0.006200101,-0.043877727,1.437288751,1.496068204,831.0788835,4.566367492,0.60989011
AA_UA_DA,5.280749994,0.039674566,0.025507716,1.201262984,1.346114044,550.21181,3.023141813,0.598901099
AA_UA_DA,5.483466501,0.059214031,0.009464133,1.195426837,1.354250447,551.3447605,3.029366816,0.598901099
AA_UA_DA,5.249086625,0.07490012,-0.004378885,1.202115622,1.345759849,552.028778,3.033125154,0.598901099
AA_UA_DA,5.253243656,-0.109823976,-0.038627807,1.147344889,1.34663031,542.3790005,2.980104399,0.598901099
AA_UA_DA,5.52716779,0.019745071,0.135895742,1.214565026,1.324096298,547.3908455,3.007642008,0.598901099
AA_UA_DA,5.80004501,0.105613088,0.15598612,1.223311964,1.380300114,566.6090953,3.113236788,0.60989011
AA_UA_DA,6.611820198,0.013835938,0.187365627,1.262449365,1.351861725,594.4128247,3.266004531,0.598901099
AA_UA_DA,6.128891802,0.052092489,0.093167101,1.219203101,1.42976457,591.6451129,3.250797323,0.598901099
AA_UA_DA,5.444175294,0.040569088,-0.004231833,1.189511378,1.361908618,554.3696696,3.045987195,0.598901099
AA_UA_DA,9.568817374,0.095704791,0.108265348,1.715321076,1.739537637,981.9909578,5.395554713,0.604395604
AA_UA_DA,9.603980644,0.0755969,0.112260636,1.714820728,1.768248313,1009.949518,5.549173178,0.604395604
AA_UA_DA,9.887798055,0.176068655,0.053871393,1.693939133,1.784109876,1015.718807,5.580872568,0.604395604
AA_UA_DA,9.474129788,0.137365029,0.009329846,1.691156739,1.698416034,971.3005171,5.336816028,0.615384615
AA_UA_DA,8.995248352,0.156477854,0.204201808,1.62284793,1.676148025,975.3650086,5.359148399,0.615384615
AA_UA_DA,9.712392251,0.252564616,0.157857354,1.694118065,1.762863977,1008.450825,5.5409386,0.593406593
AA_UA_DA,9.929119287,0.15831319,-0.080459627,1.706419597,1.632859647,992.1349017,5.451290669,0.593406593
AA_UA_DA,9.854656233,0.050577441,-0.130423906,1.701854923,1.673758595,997.5778711,5.481197094,0.604395604
AA_UA_DA,9.406733873,0.336799161,0.208056613,1.610434373,1.750609396,983.0847122,5.401564353,0.593406593
AA_UA_DA,7.443238186,0.171799636,0.069701691,1.476325615,1.413767373,726.3538398,3.990955164,0.593406593
AA_UA_DA,7.194453621,0.021162754,0.182145982,1.461028776,1.396582941,717.493083,3.942269687,0.593406593
AA_UA_DA,7.368728261,0.380137133,0.266778304,1.415374392,1.356404089,699.9521423,3.845890892,0.593406593
AA_UA_DA,7.430755402,0.104493096,0.202309514,1.491142898,1.454431415,741.7003238,4.075276504,0.593406593
AA_UA_DA,7.460014565,-0.227501452,0.085932148,1.498956999,1.467878243,767.8489656,4.21895036,0.582417582
AA_UA_DA,7.665930986,0.095003472,0.2522781,1.464043271,1.409320028,728.1604898,4.000881812,0.593406593
AA_UA_DA,7.855684619,-0.043677613,0.185738401,1.448687677,1.418782298,718.8638301,3.949801264,0.604395604
AA_UA_DA,7.479819308,0.083924144,0.271272556,1.38258041,1.368399367,702.5035415,3.859909568,0.593406593
AA_UA_DA,7.371601709,0.313686225,0.220875751,1.426550635,1.39299197,718.3773618,3.947128361,0.593406593
AA_UA_DA,13.98649573,-0.118883124,0.093970239,2.750047743,2.00252066,2206.860296,12.12560602,0.554945055
AA_UA_DA,23.69029451,0.812115984,0.730726004,3.976026083,3.859459354,6540.081512,35.9345138,0.565934066
AA_UA_DA,58.53889694,-0.386785769,0.181146915,10.88118441,10.8153165,43588.77371,239.4987566,0.598901099
AA_UA_DA,67.25104383,0.865302693,0.551253519,11.92354211,11.78584854,49698.53994,273.0689008,0.60989011
AA_UA_DA,90.64555299,-0.77754689,0.640789917,14.54927554,14.2226209,73688.69023,404.8829133,0.56043956
AA_UA_DA,95.56133491,-2.076503121,-0.758493968,18.05794342,17.78637667,117278.7442,644.3887046,0.587912088
AA_UA_DA,139.0082766,-1.269922321,-2.980822752,19.77445184,21.88404893,139246.3228,765.0896856,0.615384615
AA_UA_DA,103.849632,-0.261624599,0.391821796,19.93103601,18.94524029,126382.8619,694.4113289,0.598901099
AA_UA_DA,65.95187561,0.627005981,0.682368358,6.877415096,9.335266629,24670.51119,135.5522593,0.593406593
AA_UA_DA,10.48883328,0.424368525,-0.11626356,1.767908919,1.789102066,1325.547207,7.283226413,0.587912088
AA_UA_DA,12.07909686,-0.622067816,-0.553329392,3.325506299,2.985212301,3577.132269,19.65457291,0.626373626
AA_UA_DA,44.52579716,0.337396752,-1.539838145,8.182067658,6.914448439,19721.74816,108.3612536,0.60989011
AA_UA_DA,31.42668698,1.532367843,1.250865052,6.418191699,5.437811652,14499.23138,79.66610649,0.620879121
AA_UA_DA,55.99557047,0.501173892,-0.069519659,11.83669644,9.323432878,36961.64305,203.0859509,0.598901099
AA_UA_DA,40.79182673,0.885962339,1.401031307,7.85970398,7.516717252,24860.70246,136.5972663,0.593406593
AA_UA_DA,74.70991399,3.214258364,2.312638886,12.69520861,13.45800202,63317.07883,347.8960375,0.60989011
AA_UA_DA,47.903778,-0.369505753,-0.080701676,7.344322654,7.934381174,21185.67117,116.4047867,0.615384615
AA_UA_DA,30.27858558,-0.373539722,-0.05764933,5.391585433,5.04381198,11533.74006,63.37219815,0.604395604
AA_UA_DA,7.876967195,-0.42657326,-0.035350213,1.614866464,1.676403305,1163.768609,6.394333014,0.582417582
AA_UA_DA,15.74718902,0.514812453,0.363384424,2.76072883,3.420410533,3719.282723,20.43561936,0.587912088
AA_UA_DA,45.95819018,0.162431809,0.468249566,7.132308792,6.399120584,18277.58905,100.4263135,0.576923077
AA_UA_DA,32.19067994,1.973018553,2.549218159,6.242403454,6.430981964,16057.00018,88.22527574,0.604395604
AA_UA_DA,49.16850245,1.108282953,1.520330458,11.6216509,8.195494442,36779.10913,202.0830172,0.576923077
AA_UA_DA,60.15657764,3.236149771,1.964598598,11.8679484,10.90383647,45765.87903,251.4608738,0.620879121
AA_UA_DA,75.77191737,-1.289255671,-0.906041255,13.59123811,11.44764745,57071.86758,313.58169,0.598901099
AA_UA_DA,67.9917836,-2.061689354,1.066431632,13.5373219,13.35456929,69516.19693,381.957126,0.593406593
AA_UA_DA,24.43198683,0.058445527,0.265633418,5.420813891,4.700865918,9572.897723,52.59833914,0.598901099
AA_UA_DA,12.15480208,-0.066668698,0.003090238,1.658816776,1.747051103,1004.830943,5.521049138,0.598901099
AA_UA_DA,17.59191697,1.045342297,0.978603526,3.574710153,2.837937308,3787.271976,20.80918668,0.587912088
AA_UA_DA,39.24101042,-0.319665156,-0.46676224,7.970200395,6.307044816,18968.72211,104.2237479,0.587912088
AA_UA_DA,54.69645514,2.401019196,2.00733308,8.945619949,11.6601441,39970.46318,219.6179295,0.604395604
AA_UA_DA,50.4196767,-0.418556758,-1.592175728,6.664582652,9.670775554,24230.9984,133.1373538,0.593406593
AA_UA_DA,93.36701979,0.108912652,-0.876964471,12.65756893,14.25893915,64425.34396,353.9854063,0.598901099
AA_UA_DA,73.55188252,1.695107149,1.625678271,12.78554161,11.98322605,58738.71372,322.7401853,0.582417582
AA_UA_DA,63.09785926,-0.166883501,0.053049421,12.66671562,11.50819878,53763.71143,295.4050079,0.615384615
AA_UA_DA,28.22551508,1.186589443,1.292672594,4.515903136,4.881082561,7867.022545,43.2253986,0.615384615
AA_UA_DA,10.86449666,-0.599798287,-0.66367915,1.816873184,1.87545982,1353.362592,7.436058197,0.571428571
AA_UA_DA,22.45424025,-0.196470122,-0.070891569,3.536020712,4.197669011,5370.977803,29.51086705,0.576923077
AA_UA_DA,40.41178442,1.331382579,0.643496097,6.229755641,6.412463517,16288.75862,89.49867376,0.587912088
AA_UA_DA,91.90925076,-0.826195016,-1.91149035,14.0632222,12.94980537,61831.4305,339.7331346,0.604395604
AA_UA_DA,53.27430256,-2.114897504,-1.300465492,11.9918755,8.742909385,38694.94425,212.6095838,0.582417582
AA_UA_DA,59.73090338,-0.154497464,3.187408726,8.57680325,14.65846358,50566.75336,277.8393042,0.626373626
AA_UA_DA,106.8351354,3.152451065,2.458467798,17.98135685,17.37249557,113071.4394,621.2716453,0.593406593
AA_UA_DA,57.98692386,0.917356031,1.581012615,10.73704425,10.62261212,41104.96691,225.8514665,0.554945055
AA_UA_DA,26.40637265,-0.2508054,-0.288002444,4.309206892,4.344416669,6833.663802,37.54760331,0.56043956
AA_UA_DA,6.767115339,-0.138910338,0.039909527,1.960373392,1.454007041,996.6248182,5.47596054,0.626373626
AA_UA_DA,24.50147383,0.131080501,0.22964863,3.953934618,3.864110759,5551.322531,30.50177215,0.604395604
AA_UA_DA,29.62134484,0.894332437,0.7187387,4.945555368,5.948818772,10621.84595,58.36179095,0.631868132
AA_UA_DA,57.53230796,-0.719304113,-0.05269509,7.066505575,12.74365923,35591.02396,195.5550767,0.615384615
AA_UA_DA,100.2059555,3.178169724,3.639350515,15.26170176,14.92417754,76072.96732,417.9833369,0.615384615
AA_UA_DA,96.26869921,0.263712111,-3.405569681,15.75607273,19.39707953,123964.2539,681.1222739,0.587912088
AA_UA_DA,100.7704277,-1.651937479,-2.464739775,17.91526772,15.86823268,98176.18056,539.4295635,0.604395604
AA_UA_DA,48.74083457,1.293422599,0.236470593,8.526040688,8.580926857,28554.86238,156.8948482,0.620879121
AA_UA_DA,27.33161053,-0.498462727,0.111099713,4.490029429,4.233676037,7472.673328,41.05864466,0.620879121
AA_UA_DA,14.04907955,0.329691243,-0.299715879,2.351249524,1.751223329,1482.736137,8.146901849,0.604395604
AA_UA_DA,22.56277012,0.598057539,-0.059706495,4.173504483,3.492673671,5420.553529,29.78326115,0.598901099
AA_UA_DA,25.34461403,1.23684869,1.573897621,5.888878153,4.803391501,10261.858,56.38383514,0.60989011
AA_UA_DA,45.91096621,-0.64810407,-0.148598133,8.294537864,7.402425557,22179.29655,121.8642667,0.604395604
AA_UA_DA,69.18986897,0.989332475,-1.251209808,10.68356556,10.73735613,48659.0862,267.3576165,0.598901099
AA_UA_DA,82.26634575,2.402788424,5.127467018,14.98477969,19.2803258,119380.5255,655.9369533,0.598901099
AA_UA_DA,117.8889252,3.664996132,2.561854606,20.34762084,18.92030203,133892.0652,735.6706882,0.571428571
AA_UA_DA,60.97910293,-0.86658899,-3.304310961,8.408552736,12.83182104,45788.48546,251.5850849,0.626373626
AA_UA_DA,40.53323867,1.718477991,0.779369062,5.968035422,5.575500998,12634.76196,69.42176902,0.593406593
AA_UA_DA,13.74169373,0.251579564,-0.031433142,2.52793788,2.15877966,1884.377474,10.35372238,0.598901099
AA_UA_DA,18.41185556,-0.331769519,-0.44716193,3.34687117,4.104389634,4981.749758,27.37225142,0.598901099
UA_DA,8.303546935,0.118450488,-0.230191979,1.37733611,1.345721225,662.178136,3.638341406,0.576923077
UA_DA,7.534495367,-0.077374944,-0.178262434,1.313282366,1.288790551,598.1046717,3.286289405,0.587912088
UA_DA,8.652987078,0.068091571,-0.080382072,1.253104946,1.266118705,601.4802245,3.304836398,0.60989011
UA_DA,8.50504254,0.105695905,-0.069203879,1.269713967,1.267289873,610.9522873,3.3568807,0.60989011
UA_DA,8.63684266,0.105534419,-0.072030302,1.261977915,1.270145125,619.1606105,3.401981376,0.60989011
UA_DA,8.372507356,0.147325174,-0.112304698,1.256217483,1.237802574,588.3034478,3.232436526,0.60989011
UA_DA,8.760805941,0.044724885,-0.154809396,1.301359443,1.22582323,590.887679,3.246635599,0.60989011
UA_DA,8.721716831,0.040461679,0.016132402,1.283409565,1.314836371,622.8570573,3.422291524,0.598901099
UA_DA,7.461282985,0.045491191,0.08777905,1.293380758,1.263544994,637.8524144,3.504683595,0.60989011
UA_DA,8.640403447,0.114407302,-0.103192127,1.322133882,1.267224044,636.6053032,3.497831336,0.60989011
UA_DA,8.526624649,0.106681077,-0.080844531,1.261017021,1.256311681,600.1633856,3.29760102,0.60989011
UA_DA,9.243747319,-0.152440306,0.1077886,1.488491652,1.532794887,801.4965886,4.40382741,0.565934066
UA_DA,9.300583518,0.024704559,-0.015619197,1.481201414,1.549314833,808.2267863,4.440806518,0.576923077
UA_DA,9.400202733,-0.10938522,0.081525291,1.487989012,1.556275282,808.2436105,4.440898959,0.587912088
UA_DA,8.903358472,-0.17199428,0.053414182,1.479217348,1.526438448,785.5783321,4.316364462,0.554945055
UA_DA,9.069949203,-0.019520957,-0.004019119,1.499496974,1.574907434,830.1231198,4.561116043,0.587912088
UA_DA,9.834791444,-0.134032473,-0.068356278,1.503578123,1.58873833,846.5053885,4.651128508,0.587912088
UA_DA,9.907448077,-0.160164287,0.048573972,1.572880017,1.521307181,835.0411556,4.588138218,0.576923077
UA_DA,9.670844546,-0.154856997,0.100242357,1.567816313,1.592700191,885.6938152,4.866449534,0.565934066
UA_DA,9.252782549,-0.0969657,0.21174011,1.484336159,1.480627957,784.9746512,4.313047534,0.576923077
UA_DA,12.45282711,-0.179898337,-0.14148896,1.658669615,1.669552658,1033.837843,5.680427707,0.576923077
UA_DA,12.48782307,-0.176319231,-0.117493743,1.667446763,1.663654651,1041.484536,5.722442507,0.576923077
UA_DA,12.32635297,-0.212239273,-0.084967394,1.647756777,1.664590886,1040.517975,5.717131731,0.587912088
UA_DA,12.24458418,-0.130385579,-0.150347946,1.642073369,1.66696087,1024.926046,5.631461789,0.576923077
UA_DA,11.98227997,-0.272274995,-0.19321378,1.650829336,1.669357291,1023.870554,5.625662382,0.587912088
UA_DA,12.40524385,-0.208713583,-0.299115776,1.71863398,1.677466431,1082.593358,5.948315153,0.587912088
UA_DA,12.30400164,-0.186042429,-0.401206735,1.674667611,1.641191128,1042.647523,5.728832543,0.598901099
UA_DA,12.80353645,-0.158381766,-0.12594788,1.640641042,1.676251611,1043.534549,5.733706315,0.576923077
UA_DA,12.36962335,-0.196538512,-0.183541594,1.653436414,1.664726565,1035.255789,5.688218619,0.576923077
UA_DA,12.57594631,0.119861708,0.107686033,1.749958431,1.658547455,1002.494427,5.508211136,0.576923077
UA_DA,12.46739278,0.134490804,0.008966883,1.745024889,1.65404519,990.6078519,5.442900285,0.587912088
UA_DA,12.82481143,0.182253152,0.02676224,1.771637703,1.659226276,1010.62662,5.552893514,0.576923077
UA_DA,13.08679413,0.113841611,0.139101554,1.833434674,1.678643055,1054.269358,5.792688778,0.565934066
UA_DA,12.57610681,0.200870229,0.136365579,1.749772649,1.621081902,994.1284461,5.46224421,0.587912088
UA_DA,12.41467792,-0.004402688,-0.003172097,1.769953012,1.598763709,984.5253192,5.409479776,0.565934066
UA_DA,12.69869261,0.11448041,-0.100005769,1.755982188,1.602549169,968.3065267,5.320365531,0.565934066
UA_DA,12.76970653,0.045425199,-0.018479969,1.787232641,1.710686663,1061.977952,5.835043694,0.587912088
UA_DA,12.48536279,0.132737882,0.0906329,1.769247233,1.613174719,1011.02544,5.555084836,0.587912088
UA_DA,8.227201346,0.170102026,0.041295789,1.516026517,1.305244458,711.0082209,3.906638576,0.598901099
UA_DA,8.10993082,0.253282624,0.076164351,1.465525245,1.293923535,702.9850787,3.862555378,0.598901099
AA_DA,6.948765333,-0.150040344,0.050172718,1.192413851,1.316550515,600.5990061,3.299994539,0.565934066
AA_DA,7.615153501,0.037594709,-0.021808915,1.214927868,1.306437312,598.479312,3.288347868,0.554945055
AA_DA,12.36290089,0.642166407,0.230698624,1.975484494,1.330801128,979.339728,5.380987517,0.593406593
AA_DA,12.21690515,0.71742107,0.383729769,1.958934524,1.307345286,984.6611658,5.410226186,0.593406593
AA_DA,12.17487355,0.622292642,0.058580352,1.987933152,1.326130374,980.8338213,5.389196821,0.593406593
AA_DA,11.71745805,0.557981916,0.109635101,1.956769396,1.317184268,954.50351,5.24452478,0.593406593
AA_DA,12.30558476,0.60498211,0.273653991,1.928385002,1.391114699,1004.914,5.521505493,0.593406593
AA_DA,12.73946447,0.718275883,0.176668663,2.000194109,1.309076495,970.6806162,5.333409979,0.593406593
AA_DA,13.61411876,0.638880927,0.404843657,2.02581194,1.410130473,1099.984858,6.043872848,0.593406593
AA_DA,12.14901853,0.609480017,0.168821608,2.007812815,1.329966119,964.9422176,5.301880317,0.604395604
AA_DA,12.23145059,0.660550822,0.23435919,1.99693603,1.294378902,982.4246361,5.397937561,0.593406593
AA_DA,8.433812509,0.107912645,0.219099234,1.561502483,1.368395323,776.291303,4.26533683,0.576923077
AA_DA,8.271957142,0.094018391,0.259559193,1.564146664,1.350192247,768.4776144,4.222404475,0.576923077
AA_DA,8.290337891,0.105937743,0.211548088,1.551701667,1.358202455,765.3630927,4.205291718,0.576923077
AA_DA,8.464412493,0.068737307,0.187230524,1.554144838,1.371953506,780.0976537,4.286250844,0.576923077
AA_DA,8.226413904,0.232502024,0.148375856,1.532851652,1.375832964,790.1958392,4.34173538,0.576923077
AA_DA,9.825441939,0.110669208,0.142739351,1.576833042,1.418945984,808.562993,4.442653808,0.565934066
AA_DA,7.875632939,0.153881209,0.279534937,1.508499373,1.240910288,722.7005319,3.970882043,0.576923077
AA_DA,8.17286787,-0.02827886,0.179661843,1.503334303,1.374761683,760.9771513,4.181193139,0.587912088
AA_DA,10.39278011,0.111895824,0.147627295,1.580657695,1.419078029,792.1436757,4.352437779,0.576923077
AA_DA,7.215283979,0.059050497,-0.058128339,1.146850747,1.347436475,559.4299826,3.073791113,0.587912088
AA_DA,6.934482853,0.076301171,0.06134692,1.131716416,1.361581806,557.4078862,3.062680694,0.587912088
AA_DA,7.041994977,0.071796682,0.107615615,1.135003154,1.35464688,557.9992775,3.065930096,0.565934066
AA_DA,7.157799393,0.02180691,0.082029575,1.151153864,1.355940614,568.4583264,3.123397398,0.576923077
AA_DA,7.064645183,0.087927167,0.160460746,1.141067547,1.415478453,579.7918201,3.185669341,0.598901099
AA_DA,6.92110488,0.109824329,0.007182005,1.172650385,1.379631071,582.5882556,3.201034372,0.598901099
AA_DA,6.776129947,0.176754797,0.180439133,1.089817268,1.356754705,552.8843152,3.037825908,0.598901099
AA_DA,7.000662952,0.095213538,0.003285746,1.16413559,1.433194514,594.3152769,3.265468554,0.598901099
AA_DA,7.329699016,0.06892726,-0.158997921,1.141837931,1.362992473,562.3750412,3.089972754,0.576923077
AA_DA,10.18614678,0.197049302,0.133427507,1.449819427,1.823746196,983.7299074,5.405109382,0.587912088
AA_DA,10.17264845,0.076919658,-0.005363656,1.455660441,1.800026783,976.1256518,5.363327757,0.587912088
AA_DA,10.29101745,0.193643575,0.003858012,1.486510056,1.802136232,990.586012,5.442780286,0.587912088
AA_DA,10.6016525,0.201761554,-0.144593015,1.4936864,1.829257096,1005.06377,5.522328404,0.587912088
AA_DA,9.836341917,0.139927359,0.136326951,1.465789553,1.862046908,990.387408,5.441689055,0.576923077
AA_DA,10.21416864,0.132176864,0.100954546,1.463140082,1.807983053,972.7390703,5.344720166,0.587912088
AA_DA,10.08548574,-0.014723977,0.088064032,1.40972932,1.850935552,996.6879283,5.476307298,0.598901099
AA_DA,10.14594483,0.069957377,0.059596833,1.48429262,1.793428026,986.6714862,5.421271902,0.587912088
AA_DA,10.09310103,0.198459875,0.13001443,1.455899203,1.833124361,978.4928556,5.376334371,0.576923077
AA_DA,7.265908603,0.352996756,0.233108903,1.436275326,1.389702976,724.7872654,3.982347612,0.587912088
AA_DA,7.405790222,0.222376444,0.311468677,1.476846472,1.373812813,734.3086927,4.034663146,0.587912088
AA,6.606100357,0.191715643,0.255815158,1.323168591,1.394722015,705.1202699,3.874287198,0.576923077
AA,6.30472889,0.214114137,0.296162519,1.324857755,1.391077496,711.0644282,3.906947408,0.576923077
AA,6.797928459,0.463148678,0.102639154,1.582640115,1.307414212,730.5672675,4.014105865,0.604395604
AA,6.589313066,0.477813045,0.150257557,1.567897269,1.297682807,732.9638365,4.027273827,0.593406593
AA,6.438199551,0.375769416,0.152287875,1.59688839,1.296442214,753.473783,4.139965841,0.593406593
AA,7.294248639,0.451817161,0.293714613,1.546417068,1.322900198,749.5758667,4.118548718,0.615384615
AA,6.988183456,0.284339445,0.254105921,1.596565417,1.3007994,737.1846374,4.05046504,0.604395604
AA,6.455006893,0.220897981,0.194058443,1.592416725,1.284195509,735.2858505,4.040032145,0.604395604
AA,7.221719581,0.264831098,0.059980213,1.543667472,1.356234822,749.3428581,4.117268451,0.604395604
AA,7.47366307,0.464970992,-0.002470528,1.587263234,1.331437257,801.2798872,4.402636743,0.593406593
AA,7.001024778,0.465079286,0.117387078,1.574926232,1.302099253,734.0716472,4.033360699,0.593406593
AA,5.810500216,-0.034580107,0.337462788,1.374824722,1.277029441,668.4625032,3.672870897,0.593406593
AA,5.737679244,-0.041248068,0.333161673,1.339966635,1.291334508,674.2528773,3.704686139,0.587912088
AA,5.746905213,-0.084618928,0.376295379,1.367610535,1.267559194,669.0039015,3.675845612,0.593406593
AA,5.952687945,-0.034196328,0.346457588,1.417361402,1.349316361,710.6798466,3.904834322,0.587912088
AA,7.031770783,-0.176488189,-0.029965342,1.274705765,1.269275315,625.4762487,3.436682685,0.593406593
AA,8.091771717,0.010078128,0.024168847,1.438463279,1.350875302,707.1300242,3.885329804,0.582417582
AA,7.463438145,-0.020056059,0.037932588,1.302162646,1.317207041,623.2135657,3.424250361,0.587912088
AA,7.057203515,-0.130682668,0.043330262,1.300352838,1.29929477,643.1005474,3.533519491,0.593406593
AA,6.016290374,-0.012761317,0.35746702,1.387990689,1.294026906,687.8025562,3.779134924,0.593406593
AA,5.330985615,0.261368942,0.46857736,1.273404094,1.295690456,594.0666852,3.264102666,0.598901099
AA,5.518611986,0.329576071,0.357919518,1.251495842,1.323916682,599.9439507,3.296395334,0.598901099
AA,5.200077127,0.289289989,0.424657786,1.25650214,1.334497742,597.6226107,3.283640718,0.587912088
AA,4.904941876,0.282204669,0.42856523,1.275428032,1.309799845,611.6802087,3.360880268,0.598901099
AA,4.735053901,0.338112789,0.376836879,1.233265936,1.306981613,588.0447818,3.231015284,0.587912088
AA,5.463410325,0.24825624,0.402460418,1.28536085,1.251838546,558.2642975,3.06738625,0.598901099
AA,6.482458939,0.18746968,0.199344552,1.345258783,1.37260778,635.382005,3.491109918,0.587912088
AA,5.291103415,0.209036264,0.416355212,1.328327043,1.335297408,629.0981921,3.456583473,0.598901099
AA,5.52885956,0.292528226,0.400929968,1.271059195,1.335192259,594.4410556,3.266159646,0.598901099
AA,6.190960209,-0.112342501,-0.356194499,1.166972543,1.365468785,585.5379224,3.217241332,0.576923077
AA,6.221275412,-0.046049236,-0.268079259,1.165506174,1.361932071,577.5946458,3.173596955,0.576923077
AA,6.123680334,-0.186950075,-0.288880838,1.170122361,1.379939615,579.9524501,3.186551924,0.576923077
AA,6.477845642,-0.025420339,-0.223916145,1.23320869,1.37561163,588.4404204,3.233189123,0.576923077
AA,6.39380238,-0.013225087,-0.221861637,1.24719975,1.474642971,641.4869374,3.524653502,0.587912088
AA,6.721188094,0.018794607,-0.156974896,1.235426798,1.362568568,604.276477,3.320200423,0.576923077
AA,5.732031254,-0.057630972,-0.175506804,1.201277611,1.444707978,596.6896538,3.278514581,0.587912088
AA,5.915978159,-0.182663417,-0.309137038,1.185035295,1.409151431,606.4016559,3.33187723,0.576923077
AA,6.03052569,-0.071908379,-0.161313709,1.177634524,1.40742207,593.4132159,3.260512175,0.576923077
AA,6.102125508,0.069457312,0.099385534,1.355065967,1.385109904,633.5409318,3.480994131,0.593406593
AA,6.070913183,0.065581043,0.035403489,1.339912833,1.378533517,622.7023672,3.421441578,0.593406593
DA,8.892901107,0.336063514,0.259139515,1.281619459,1.059689242,529.5932841,2.909853209,0.587912088
DA,8.558956585,0.278496055,0.249658688,1.264396949,1.066974735,520.4541813,2.859638359,0.598901099
DA,12.78917815,0.297041858,0.157182976,1.819089162,1.394135485,922.6010408,5.069236488,0.587912088
DA,12.72460206,0.238109337,0.20267823,1.823478973,1.395894481,926.7635889,5.092107631,0.587912088
DA,12.66388459,0.112560746,0.215515355,1.817763741,1.362473389,917.532325,5.041386401,0.587912088
DA,12.99910175,0.308151133,0.094689708,1.785888217,1.449172014,946.9683827,5.203122982,0.576923077
DA,12.75862538,0.246802885,0.148162827,1.787862921,1.363374539,916.4545993,5.035464832,0.598901099
DA,12.45314123,0.152061564,0.138880643,1.830231562,1.358230178,912.0346074,5.011179162,0.587912088
DA,12.61304559,0.308230751,0.099232882,1.863936947,1.318508056,921.251936,5.061823824,0.598901099
DA,13.03128209,0.167802509,0.173228379,1.855793534,1.429849504,954.6374704,5.245260827,0.587912088
DA,12.82196683,0.246444633,0.211581519,1.837289517,1.399498031,937.5073322,5.151139188,0.598901099
DA,10.73795855,0.370823561,0.176910341,1.608779021,1.286262457,758.6125096,4.168200602,0.587912088
DA,10.79804888,0.366602429,0.215246639,1.623220602,1.272340604,759.3213667,4.172095422,0.587912088
DA,10.68775652,0.395741873,0.235348382,1.558043184,1.288807507,741.159407,4.072304434,0.576923077
DA,10.74761112,0.359910633,0.147378699,1.593862266,1.320798436,752.7262787,4.135858674,0.598901099
DA,10.84660627,0.216988529,0.193454863,1.615463234,1.302192832,744.9234478,4.092985977,0.598901099
DA,10.64036154,0.386542206,0.290776108,1.694230752,1.303567961,808.3110817,4.44126968,0.60989011
DA,11.6587876,0.416115572,0.104734631,1.648373285,1.349583564,802.8430323,4.411225452,0.587912088
DA,10.29336526,0.348651287,0.112910012,1.574704701,1.32214524,737.9751162,4.054808331,0.587912088
DA,10.84190416,0.397744459,0.127516494,1.620248876,1.314810074,774.646476,4.256299319,0.576923077
DA,11.21475984,0.096906535,0.042077221,1.5478732,1.420600941,826.7109747,4.542367993,0.598901099
DA,11.23589807,0.083634769,-0.042028355,1.537606915,1.434872297,819.8066638,4.504432219,0.598901099
DA,11.3172003,0.097510426,0.085639861,1.533613976,1.424874182,819.9305966,4.505113168,0.598901099
DA,11.08011426,0.130085606,0.119507386,1.531166292,1.422571324,844.7606939,4.641542274,0.587912088
DA,11.29645091,0.219477016,0.130594391,1.531111976,1.383300667,800.5981915,4.398891162,0.598901099
DA,11.16618193,0.319480598,0.135090194,1.583031815,1.404291514,865.7980646,4.757132223,0.60989011
DA,11.41957206,0.277873772,0.070579348,1.49083658,1.410167257,798.3973599,4.386798681,0.598901099
DA,10.79646605,0.107724105,0.147358678,1.534225252,1.357816064,778.5846415,4.277937591,0.598901099
DA,11.18046105,0.165255343,0.11627542,1.543275519,1.409174698,830.0582732,4.560759743,0.60989011
DA,11.61430345,0.270131497,0.269892202,1.752592211,1.382977202,908.030094,4.989176341,0.587912088
DA,11.65284643,0.096311679,0.198842611,1.776453234,1.380169427,909.8883724,4.999386662,0.598901099
DA,11.22062733,0.244247758,0.266945569,1.699177836,1.338644808,854.9760062,4.697670364,0.587912088
DA,12.0850133,0.316413786,0.266298217,1.770067622,1.434330785,934.0997123,5.132416002,0.598901099
DA,11.84389219,0.202095446,0.073168345,1.737647877,1.378278086,906.4980652,4.9807586,0.576923077
DA,11.88139263,0.064804396,0.074383928,1.800923181,1.337422875,902.7031519,4.959907428,0.587912088
DA,11.22199698,0.249484329,0.39810463,1.766540561,1.277126882,852.9001439,4.686264527,0.60989011
DA,11.89475297,0.090170757,0.213479664,1.86391999,1.392723348,929.9801901,5.109781264,0.598901099
DA,11.69149655,0.196320968,0.252168074,1.775804838,1.379591191,901.3040785,4.952220212,0.587912088
DA,14.64168628,-0.041504634,0.053889573,2.066850301,2.000048601,1498.378338,8.23284801,0.631868132
DA,14.49388082,-0.02457575,0.034146544,2.081698469,1.979641548,1475.702951,8.108257973,0.620879121
UA,6.977671958,0.333200493,0.004335843,1.430609709,1.399985289,711.9828077,3.911993449,0.587912088
UA,7.399539123,0.15453613,-0.071159694,1.47686551,1.416791238,714.075708,3.923492901,0.598901099
UA,9.995476385,0.344506052,0.043873988,1.626120506,1.48506828,877.0780134,4.819109964,0.598901099
UA,9.799884889,0.31284754,-0.007259512,1.620114327,1.467317515,858.071013,4.714675896,0.598901099
UA,10.09426782,0.285767546,0.128330243,1.649507315,1.466156856,879.925474,4.834755352,0.587912088
UA,10.43563466,0.236054053,0.06124425,1.702765999,1.512083178,908.2642093,4.990462688,0.598901099
UA,10.40540826,0.218426439,0.180715677,1.687112653,1.501670188,912.8982124,5.015924244,0.598901099
UA,9.987374761,0.160502503,0.090758145,1.655065317,1.493517617,895.6907126,4.921377542,0.598901099
UA,10.19401213,0.081482744,0.173510574,1.717933559,1.50674614,933.7037349,5.130240302,0.587912088
UA,9.615404928,0.308727235,0.208601831,1.654531707,1.476019908,896.1156933,4.9237126,0.587912088
UA,9.811717942,0.330924098,0.09321056,1.657262505,1.468389892,888.484286,4.881781791,0.587912088
UA,4.63157068,-0.078029227,0.084611479,1.055555665,1.059443216,473.1898455,2.599944206,0.587912088
UA,4.440630288,-0.081741706,0.077262605,1.066785053,1.066829444,476.4495302,2.617854561,0.587912088
UA,4.52608003,-0.116011691,0.045692007,1.076508516,1.040873972,475.5229166,2.612763278,0.587912088
UA,4.450881995,-0.120082348,-0.025095223,1.025032668,1.096960872,473.7473983,2.603007683,0.593406593
UA,5.200365303,-0.072782262,0.0917102,1.088059655,1.117494663,499.1732061,2.742709924,0.587912088
UA,4.617625293,-0.049600416,-0.07986233,1.06608134,1.050263277,479.6892792,2.63565538,0.587912088
UA,4.562327433,-0.097899128,0.084238463,1.077033591,1.153563499,502.7547757,2.762388878,0.576923077
UA,4.826593221,-0.127513651,0.03524426,1.135285444,1.122236743,516.5204479,2.838024439,0.576923077
UA,4.622384085,-0.005573142,0.093604366,1.080501366,1.046408533,461.2011478,2.534072241,0.587912088
UA,7.540704738,-0.037165125,0.201855856,1.443094681,1.585936318,808.0963803,4.440090002,0.598901099
UA,7.798002835,0.092195165,0.223473411,1.464133023,1.591029498,813.0134966,4.467107124,0.598901099
UA,7.681936335,0.098199346,0.249013405,1.455147828,1.585163869,823.3851896,4.524094449,0.598901099
UA,7.641540358,0.013154685,0.343423401,1.42636859,1.554767145,819.4260501,4.502340934,0.587912088
UA,7.086138727,-0.011874997,0.020524897,1.404674192,1.571079749,814.7135725,4.4764482,0.598901099
UA,7.254074031,0.191817995,0.305184977,1.486526619,1.473692694,818.2356267,4.495800146,0.598901099
UA,8.020291877,0.214401753,0.26984011,1.409136369,1.560334427,789.801763,4.339570126,0.598901099
UA,7.02446511,-0.020145488,0.18963661,1.399927414,1.504004209,780.1189394,4.286367799,0.60989011
UA,7.86527845,0.088656297,0.201117847,1.49874216,1.608153731,845.6764312,4.646573798,0.598901099
UA,4.647891423,0.100062504,0.118037404,1.37035813,1.146398004,541.6710045,2.97621431,0.631868132
UA,4.974784363,0.019088749,0.020828159,1.355490498,1.134558208,535.404279,2.941781753,0.631868132
UA,4.922409541,0.079538476,0.044962947,1.360764601,1.190177513,550.4630749,3.02452239,0.620879121
UA,4.412913656,-0.008772617,0.155844312,1.342650612,1.077806939,512.2797595,2.814723953,0.631868132
UA,5.123326413,0.083559667,0.005767897,1.374931077,1.195291055,538.4375038,2.958447823,0.631868132
UA,4.923289812,-0.001573837,0.121701407,1.413414709,1.11350264,547.4615883,3.008030705,0.620879121
UA,4.907058685,-0.118758637,0.031722392,1.300488907,1.136491857,508.4903557,2.793903053,0.642857143
UA,5.141273756,0.048412676,0.078487276,1.361792912,1.131151847,546.4454579,3.002447571,0.620879121
UA,4.958572541,0.101916355,-0.021204889,1.400338624,1.154376089,543.9134552,2.988535468,0.620879121
UA,5.973252897,0.040944405,0.283868836,1.257183106,1.32433285,639.1164283,3.511628727,0.554945055
UA,6.077344627,0.017240184,0.24871635,1.259294669,1.327095348,630.6348283,3.465026529,0.554945055
PBS_DA,0.883428847,-0.07237406,-0.04283071,0.199528162,0.187622145,11.70890312,0.064334633,0.604395604
PBS_DA,0.773000241,-0.066646769,-0.057988475,0.188905478,0.162037312,8.964628953,0.049256203,0.604395604
PBS_DA,0.647427959,-0.061526625,-0.043258784,0.174851218,0.14725402,7.083163617,0.038918481,0.604395604
PBS_DA,5.693959668,0.244810976,-0.057519391,1.193690755,1.053931871,484.5507952,2.662367007,0.587912088
PBS_DA,2.846979834,0.132340917,-0.028759696,0.59839463,0.526965935,121.1376988,0.665591752,0.587912088
PBS_DA,1.897986556,0.088227278,-0.01917313,0.398929753,0.351310624,53.83897724,0.295818556,0.587912088
PBS_DA,1.423489917,0.061475201,-0.019420634,0.312662797,0.276862048,30.2844247,0.166397938,0.587912088
PBS_DA,1.138791934,0.068433463,-0.017957775,0.255753688,0.228676139,19.38203181,0.10649468,0.587912088
PBS_DA,0.948993278,0.058125507,0.001097693,0.220991712,0.186310004,13.45974431,0.073954639,0.587912088
PBS_DA,0.81342281,0.046952229,0.000861008,0.199847369,0.168620531,9.888791739,0.054334021,0.587912088
PBS_DA,0.711744958,0.043006864,-0.005089969,0.182032761,0.159343254,7.571106175,0.041599484,0.587912088
PBS_DA,0.632662185,-0.009294838,-0.008472321,0.160435494,0.145622349,5.982108583,0.032868728,0.587912088
PBS_DA,5.579329407,-0.030067198,0.004394923,1.091914728,1.154577837,428.9674455,2.356963986,0.60989011
PBS_DA,2.789664703,-0.016042306,-0.004442224,0.561501492,0.587960247,107.2418614,0.589240997,0.60989011
PBS_DA,1.859776469,-0.006672179,-0.001130837,0.387462017,0.416587051,47.6630495,0.261884887,0.60989011
PBS_DA,1.394832352,-0.004239984,0.007762187,0.304226416,0.336728151,26.81046535,0.147310249,0.60989011
PBS_DA,1.115865881,0.012052968,0.021240437,0.262589094,0.284097892,17.15869782,0.094278559,0.60989011
PBS_DA,0.929888234,0.002654301,0.022325626,0.223596451,0.239459159,11.91576238,0.065471222,0.60989011
PBS_DA,0.797047058,0.001199662,0.003500315,0.206082412,0.211237544,8.754437664,0.048101306,0.60989011
PBS_DA,0.697416176,0.024319671,0.045503665,0.186298475,0.203293832,6.702616337,0.036827562,0.60989011
PBS_DA,0.61992549,0.041249655,0.065775847,0.190526021,0.189657899,5.295894389,0.029098321,0.60989011
PBS_DA,9.565796673,0.232296439,0.057371027,1.543547412,1.65298306,933.7609566,5.130554707,0.604395604
PBS_DA,4.782898336,0.114448184,0.041271664,0.79106102,0.829354429,233.4402392,1.282638677,0.604395604
PBS_DA,3.188598891,0.061874193,0.036780299,0.545895964,0.567138191,103.7512174,0.570061634,0.604395604
PBS_DA,2.391449168,0.066513267,0.021547754,0.432697076,0.44980238,58.36005979,0.320659669,0.604395604
PBS_DA,1.913159335,0.054512903,0.012265967,0.354939948,0.376320898,37.35043826,0.205222188,0.604395604
PBS_DA,1.594299445,0.052129692,0.034338713,0.312129425,0.327291153,25.93780435,0.142515409,0.604395604
PBS_DA,1.366542382,0.043464363,0.03913899,0.277154137,0.297488647,19.05634605,0.104705198,0.604395604
PBS_DA,1.188023974,0.046530563,0.058885392,0.253515947,0.281150871,14.59001495,0.080164917,0.604395604
PBS_DA,1.022185576,0.072096656,0.070070065,0.241261429,0.259165991,11.52791304,0.063340182,0.604395604
PBS_DA,5.640287745,0.229060955,-0.044724276,1.187358042,1.046764821,477.8459535,2.625527217,0.587912088
PBS_DA,5.593665534,0.161646564,-0.033849131,1.176308507,1.039048195,473.8145156,2.603376459,0.576923077
PBS_DA,5.913458351,0.107506357,-0.088260683,1.246478456,1.068655045,514.0578451,2.824493654,0.587912088
PBS_DA,5.500274989,0.171234791,-0.015134402,1.176520492,1.038386158,477.8325855,2.625453766,0.587912088
PBS_DA,5.744288844,0.188689561,0.022585229,1.193497782,1.107311163,483.7985419,2.658233747,0.587912088
PBS_DA,5.578045535,0.059262712,-0.019040817,1.290237818,1.060671242,529.6458845,2.910142222,0.598901099
PBS_DA,5.799804499,0.078405527,0.159909302,1.221155154,1.088200127,496.2829338,2.726829307,0.587912088
PBS_DA,5.682111777,0.236834914,0.001164333,1.18492559,1.028249472,483.0572036,2.654160459,0.576923077
PBS_DA,5.552479135,-0.050986403,-0.000646703,1.086853654,1.148277298,429.0728364,2.357543057,0.60989011
PBS_DA,5.659690283,-0.025303465,0.049128395,1.093008665,1.15998259,429.8765163,2.361958881,0.60989011
PBS_DA,7.14663951,-0.055374694,-0.131650346,1.116307461,1.097634654,451.0646818,2.478377372,0.587912088
PBS_DA,6.405936974,-0.060575294,-0.095809339,1.09733246,1.077896697,440.5558533,2.420636557,0.598901099
PBS_DA,5.609603663,0.010160919,0.037846002,1.110541473,1.171818869,432.2641711,2.375077863,0.631868132
PBS_DA,7.054934123,-0.081268452,-0.104351651,1.092182132,1.138163421,457.0730982,2.511390649,0.598901099
PBS_DA,5.354488886,-0.015430012,0.034842473,1.099952061,1.103574077,417.4788292,2.293839721,0.598901099
PBS_DA,7.226838613,-0.005743771,-0.077379351,1.115829459,1.138970465,461.5330348,2.535895796,0.60989011
PBS_DA,5.664017942,-0.052925092,0.028835552,1.122209609,1.129053178,433.830729,2.383685324,0.598901099
PBS_DA,9.655004169,0.272664571,-0.012796088,1.536394517,1.623510777,927.866129,5.098165544,0.615384615
PBS_DA,9.60889004,0.164591156,0.073133354,1.559016014,1.665697122,945.5435366,5.195294157,0.604395604
PBS_DA,9.87732061,0.315108737,0.119068876,1.529664727,1.625428339,940.8526027,5.169519795,0.615384615
PBS_DA,9.432502148,0.052320049,-0.007942428,1.532797216,1.628192848,920.9720511,5.060285995,0.637362637
PBS_DA,9.534882982,0.038280321,0.083496225,1.546863833,1.602878837,915.9278486,5.032570597,0.626373626
PBS_DA,9.7694878,0.3031349,0.211120057,1.484145986,1.615523979,900.0237413,4.945185392,0.615384615
PBS_DA,9.859715958,0.167944726,-0.13866511,1.596265883,1.620742028,954.4073574,5.243996469,0.615384615
PBS_DA,9.382625141,0.199684329,0.012859108,1.515904893,1.60728484,909.2525451,4.995893105,0.626373626
PBS_DA,9.66385758,0.166832426,0.104783926,1.5597535,1.641220673,932.8802343,5.125715573,0.615384615
PBS_DA,7.383307748,-0.10171107,-0.133014697,1.223366891,1.176294119,530.0982939,2.912627989,0.615384615
PBS_DA,3.691653874,-0.054046169,-0.070843128,0.622706404,0.598955785,132.5245735,0.728156997,0.615384615
PBS_DA,2.461102583,-0.041772048,-0.054175399,0.437400563,0.409950545,58.89981044,0.323625332,0.615384615
PBS_DA,1.845826937,-0.061013607,-0.040492347,0.343839336,0.318233775,33.13114337,0.182039249,0.615384615
PBS_DA,1.47666155,-0.04938174,-0.040937969,0.273185335,0.268124297,21.20393176,0.11650512,0.615384615
PBS_DA,1.230551291,-0.047713052,-0.030426302,0.236320591,0.234733565,14.72495261,0.080906333,0.615384615
PBS_DA,1.05475825,-0.048025468,-0.038202897,0.2139585,0.209462354,10.81833253,0.059441388,0.615384615
PBS_DA,0.922913468,-0.038767149,-0.024318111,0.184242775,0.200893948,8.282785843,0.045509812,0.615384615
PBS_DA,0.820367528,-0.054778144,-0.018291938,0.167703449,0.20002727,6.544423382,0.03595837,0.615384615
PBS_DA,10.158356,0.454502723,0.172699033,1.578125927,1.532826057,871.7618108,4.789900059,0.598901099
PBS_DA,5.079177999,0.235029725,0.086349516,0.79424348,0.766413028,217.9404527,1.197475015,0.598901099
PBS_DA,3.386118666,0.166369461,0.063398426,0.529709846,0.514081186,96.86242342,0.532211118,0.598901099
PBS_DA,2.539589,0.128558569,0.036234322,0.404474177,0.399956531,54.48511317,0.299368754,0.598901099
PBS_DA,2.0316712,0.116721407,0.023014831,0.337224535,0.320821993,34.87047243,0.191596002,0.598901099
PBS_DA,1.693059333,0.09974917,0.020373282,0.287077752,0.269391448,24.21560586,0.133052779,0.598901099
PBS_DA,1.451193714,0.106137379,0.00757966,0.24685644,0.245944853,17.79105736,0.097753062,0.598901099
PBS_DA,1.2697945,0.094819408,0.034614079,0.222155332,0.209770289,13.62127829,0.074842188,0.598901099
PBS_DA,1.128706222,0.080523198,0.036202918,0.205909978,0.191850116,10.76249149,0.059134569,0.598901099
PBS_DA,5.165710718,0.009373926,0.218340554,1.047258078,1.128841305,422.1644404,2.319584837,0.565934066
PBS_DA,2.582855359,0.008613343,0.109170277,0.533835808,0.564420653,105.5411101,0.579896209,0.565934066
PBS_DA,1.721903573,-0.012554858,0.067444449,0.377611187,0.38785033,46.90716004,0.257731649,0.565934066
PBS_DA,1.29142768,-0.013500679,0.064645048,0.289319889,0.298702594,26.38527752,0.144974052,0.565934066
PBS_DA,1.033142144,-0.025563244,0.059912293,0.239578883,0.245149379,16.88657761,0.092783393,0.565934066
PBS_DA,0.860951786,-0.023143716,0.071291766,0.199477187,0.213468861,11.72679001,0.064432912,0.565934066
PBS_DA,0.737958674,-0.006779894,0.083834414,0.182441494,0.19338615,8.615600824,0.047338466,0.565934066
PBS_DA,0.64571384,-0.018571798,0.049878791,0.172190563,0.182279281,6.596319381,0.036243513,0.565934066
PBS_DA,0.573967858,-0.012102367,0.051661201,0.167158039,0.177847103,5.211906671,0.02863685,0.565934066
PBS_DA,6.184001926,-0.335201767,-0.10008027,1.298153066,1.188516008,573.736253,3.152396994,0.604395604
PBS_DA,3.092000963,-0.170119187,-0.047488688,0.660829201,0.604605888,143.4340632,0.788099249,0.604395604
PBS_DA,2.061333975,-0.108954871,-0.041397701,0.448847734,0.411686365,63.74847256,0.350266333,0.604395604
PBS_DA,1.546000482,-0.086285085,-0.027153903,0.338617321,0.313194481,35.85851581,0.197024812,0.604395604
PBS_DA,1.236800385,-0.067208559,-0.023268895,0.273215409,0.260488664,22.94945012,0.12609588,0.604395604
PBS_DA,1.030666988,-0.072964056,-0.025764802,0.226987448,0.216116339,15.93711814,0.087566583,0.604395604
PBS_DA,4.870181741,-0.018540469,0.55438655,1.1568955,1.045522429,494.2360674,2.715582788,0.56043956
PBS_DA,6.338405322,-0.199783037,0.025438797,1.247542974,1.194687376,602.4970686,3.310423454,0.582417582
PBS_DA,8.581671916,0.153805982,0.287484832,1.583385889,1.47080364,902.251587,4.957426302,0.582417582
PBS_DA,9.883387648,0.145937477,-0.058453128,1.550330627,1.612783516,918.7107869,5.047861467,0.576923077
PBS_DA,7.488707873,0.005786407,-0.090688897,1.610598053,1.59607129,969.61412,5.32755011,0.582417582
PBS_DA,8.820942289,-0.316838137,0.238673603,1.961048533,1.698299102,1363.945516,7.494206134,0.593406593
PBS_DA,10.11983331,0.054880742,-0.134654376,1.828111861,1.541331595,999.0780755,5.489439975,0.582417582
PBS_DA,7.769581845,-0.092814046,0.152648978,1.270466334,1.300796486,627.9498113,3.450273688,0.571428571
PBS_DA,5.881135092,-0.222854732,-0.157452056,1.340630525,1.153843884,572.6296371,3.146316687,0.593406593
PBS_DA,6.911422357,0.111723812,-0.038375223,1.484637027,1.164043686,639.7085651,3.514882226,0.587912088
PBS_DA,9.216708693,0.016101791,0.076333623,1.977048775,1.460943938,908.3105235,4.990717162,0.604395604
PBS_DA,8.419053314,-0.232388056,-0.089549876,1.270848581,1.277175775,592.5598221,3.255823198,0.626373626
PBS_DA,9.190352899,0.444310902,0.124516304,1.522120933,1.43261792,773.5064232,4.250035292,0.598901099
PBS_DA,5.641571276,0.233021529,-0.047023885,1.198536304,1.056975886,487.7861661,2.68014377,0.587912088
